Loan_ID,ApplicantIncome,CoapplicantIncome,LoanAmount,Loan_Amount_Term,DebtIncomeRatio,Education,Married_Yes,Property_Area_Semiurban,Property_Area_Urban,Credit_History,Married_CH,Loan_Status
LP001669,0.0279863089199854,0.2658531074462475,0.1929839608885838,0.2789026403234175,1.1985362438113747,0.0,0.0,0.0,1.0,1.0,0.0,1
LP001606,0.0784378181975102,0.2207761112154039,0.1844068959602023,0.2789026403234175,-0.0880803551731137,1.0,1.0,0.0,0.0,1.0,1.0,1
LP002705,0.0872588996938321,0.2346027210318472,0.1715412985676301,0.2789026403234175,-0.262436154914634,1.0,1.0,1.0,0.0,1.0,1.0,1
LP001520,0.1216865019366714,0.0933015133955118,0.2037052920490608,0.2789026403234175,-0.410272073825184,1.0,1.0,1.0,0.0,1.0,1.0,1
LP002625,0.0811666419697537,0.2346027210318472,0.1415215713182948,0.2789026403234175,-0.3638737229181577,1.0,0.0,0.0,1.0,1.0,0.0,0
LP002035,0.0854185301730168,0.2346027210318472,0.1929839608885838,0.2789026403234175,-0.1264430370707004,1.0,1.0,1.0,0.0,1.0,1.0,1
LP001825,0.024876719039987,0.2099846108708627,0.1286559739257226,0.2789026403234175,0.6288481434626284,1.0,1.0,0.0,1.0,1.0,1.0,1
LP001357,0.0885598505619947,0.0847582422894167,0.2787546101723989,0.2789026403234175,0.290596942464727,1.0,1.0,0.0,1.0,1.0,1.0,1
LP002297,0.0468025007448736,1.0,0.1565314349429624,0.2789026403234175,0.2590865429836056,1.0,0.0,1.0,0.0,1.0,0.0,1
LP002789,0.0814839470595494,0.4795472965605463,0.2187151556737284,-2.514977409033419,0.0661510311558693,1.0,1.0,0.0,0.0,0.0,0.0,0
LP002390,0.0864656369693428,0.2346027210318472,0.1500986362466763,0.2789026403234175,-0.3693446807302186,1.0,0.0,0.0,1.0,1.0,0.0,1
LP002053,0.1052500982852513,0.0212457663033153,0.2015610258169654,0.2789026403234175,-0.2875505483581846,1.0,1.0,1.0,0.0,1.0,1.0,1
LP001207,0.0502611262236473,0.3877071321700244,0.2894759413328758,-2.514977409033419,1.2122245057202965,0.0,1.0,0.0,0.0,0.0,0.0,0
LP001028,0.0649840823901703,0.9112073103421914,0.364525259456214,0.2789026403234175,1.2918028859013788,1.0,1.0,0.0,1.0,1.0,1.0,1
LP002131,0.065301387479966,0.2437080494475537,0.2058495582811561,0.2789026403234175,0.2447861220075529,0.0,1.0,0.0,1.0,1.0,1.0,1
LP001256,0.0864656369693428,0.5339544441309412,0.3130628698859249,0.2789026403234175,0.506999778026674,1.0,0.0,0.0,1.0,1.0,0.0,0
LP001068,0.0562899229297666,0.2532630237109495,0.1972724933527746,0.2789026403234175,0.36230184657852,1.0,1.0,1.0,0.0,1.0,1.0,1
LP002301,0.2035829456129553,0.2346027210318472,0.3516596620636417,0.2789026403234175,-0.3950686532002539,1.0,0.0,0.0,0.0,1.0,0.0,0
LP001875,0.0974126625672962,0.3874823092461798,0.2594562140835405,0.2789026403234175,0.072037601610707,1.0,0.0,0.0,0.0,1.0,0.0,1
LP002517,0.0516572686187486,0.1686171928834551,0.1779740972639162,-2.514977409033419,0.3193333773273409,0.0,1.0,0.0,0.0,0.0,0.0,0
LP001316,0.0613350738575191,0.3259932395746798,0.216570889441633,0.2789026403234175,0.3925566949505162,1.0,1.0,1.0,0.0,1.0,1.0,1
LP002004,0.0603514280791523,0.2703495659231397,0.1736855647997255,0.2789026403234175,0.1173776588280414,0.0,0.0,1.0,0.0,1.0,0.0,1
LP002050,0.2847813180916886,0.2346027210318472,0.268033279011922,0.2789026403234175,-0.852198946657125,1.0,1.0,0.0,0.0,1.0,1.0,0
LP002888,0.068442707868944,0.327904234427359,0.2808988764044943,0.2789026403234175,0.6654239197776988,1.0,0.0,0.0,1.0,1.0,0.0,1
LP002836,0.0732340147248598,0.2346027210318472,0.085770649283815,0.2789026403234175,-0.6142843892273369,1.0,0.0,0.0,1.0,1.0,0.0,1
LP002493,0.0996655287048461,0.2346027210318472,0.1458101037824856,0.2789026403234175,-0.5052459394314954,1.0,0.0,1.0,0.0,0.0,0.0,0
LP001578,0.0448669396971195,0.3746674025870372,0.2122823569774423,0.2789026403234175,0.7645929686129153,1.0,1.0,0.0,0.0,1.0,1.0,1
LP001778,0.0675859841264954,0.1999799907597777,0.2358692855304914,0.2789026403234175,0.3963328741516272,1.0,1.0,1.0,0.0,1.0,1.0,1
LP001222,0.0996655287048461,0.2346027210318472,0.1844068959602023,0.2789026403234175,-0.3184163067973574,1.0,0.0,1.0,0.0,0.0,0.0,0
LP002670,0.0319208920334527,0.1834555058571991,0.1779740972639162,2.1414893398946417,0.8833789246023136,1.0,1.0,1.0,0.0,1.0,1.0,1
LP002739,0.0600341229893565,0.0602525435903546,0.0771935843554335,0.2789026403234175,-0.5440664797895202,0.0,1.0,0.0,0.0,1.0,1.0,0
LP002941,0.1700120671125646,0.1124114619223034,0.3366497984389741,0.2789026403234175,-0.2556259136129039,0.0,1.0,0.0,0.0,1.0,1.0,0
LP001894,0.0506101618224226,0.2498906798532804,0.2573119478514452,0.2789026403234175,0.9531819858851198,1.0,1.0,1.0,0.0,1.0,1.0,1
LP001469,0.6073536723780516,0.2346027210318472,1.0,2.1414893398946417,-0.4581160867588699,1.0,0.0,0.0,1.0,1.0,0.0,1
LP001811,0.0755503418803688,0.4965214273108141,0.1994167595848699,0.2789026403234175,0.0391100545242049,0.0,1.0,1.0,0.0,1.0,1.0,1
LP002409,0.21817897974356,0.2060502097035821,0.3216399348143064,0.2789026403234175,-0.5373234962081369,1.0,1.0,0.0,0.0,1.0,1.0,1
LP002055,0.0679350197252708,0.3355482138380756,0.2187151556737284,0.2789026403234175,0.2804036794878451,1.0,0.0,0.0,0.0,1.0,0.0,1
LP001634,0.0282718835008016,0.5691392317126222,0.0793378505875289,0.2789026403234175,-0.0103597685993496,1.0,0.0,0.0,0.0,1.0,0.0,0
LP001443,0.0846252674485274,0.2346027210318472,0.1350887726220087,0.2789026403234175,-0.4332140860645778,1.0,0.0,0.0,0.0,1.0,0.0,1
LP001926,0.0850060335562823,0.2248229238446068,0.1929839608885838,0.2789026403234175,-0.1215435165654157,1.0,1.0,0.0,0.0,1.0,1.0,1
LP001098,0.0785330097244489,0.1873899070244797,0.1801183634960116,0.2789026403234175,-0.1140187575961617,1.0,1.0,1.0,0.0,1.0,1.0,1
LP002170,0.1261287731938119,0.4122128308690866,0.4417188438116475,0.2789026403234175,0.5185306261682119,1.0,1.0,1.0,0.0,1.0,1.0,1
LP002265,0.0307151326922289,0.182668625623743,0.1779740972639162,-2.514977409033419,0.9292498327510748,0.0,1.0,1.0,0.0,1.0,1.0,1
LP001263,0.0679667502342503,0.4496458476892136,0.3216399348143064,-0.6523907094621946,0.9352031213263292,1.0,1.0,1.0,0.0,0.0,0.0,0
LP001903,0.0941761506513796,0.3680351263336213,0.3795351230808816,0.2789026403234175,0.7191985716997267,1.0,1.0,1.0,0.0,1.0,1.0,1
LP001465,0.1603977228917533,0.2887850456783974,0.3259284672784972,0.2789026403234175,-0.2280538605748593,1.0,1.0,0.0,0.0,1.0,1.0,0
LP001560,0.0265901665248841,0.1170203318611178,0.1458101037824856,0.2789026403234175,0.7521742045337085,0.0,1.0,1.0,0.0,1.0,1.0,1
LP002443,0.0734561282877169,0.1922235998871388,0.2573119478514452,0.2789026403234175,0.4195172355396755,1.0,1.0,0.0,0.0,0.0,0.0,0
LP001843,0.0519111126905852,0.7982337911102765,0.5339222917917488,-2.514977409033419,3.011260797518905,0.0,1.0,1.0,0.0,1.0,1.0,1
LP001516,0.4391819747863023,0.2346027210318472,0.085770649283815,0.2789026403234175,-1.3188207475980205,1.0,1.0,0.0,1.0,1.0,1.0,1
LP001754,0.1177201883142245,0.2346027210318472,0.2315807530663006,0.2789026403234175,-0.2621942439345113,0.0,1.0,0.0,1.0,1.0,1.0,0
LP001151,0.0943982642142366,0.2557360758732402,0.2444463504588729,0.2789026403234175,0.0342350042236132,1.0,0.0,1.0,0.0,1.0,0.0,1
LP002792,0.1409786513962532,0.1160086287038171,0.2122823569774423,0.2789026403234175,-1.2851909403991983,1.0,1.0,1.0,0.0,1.0,1.0,1
LP002961,0.0753599588264914,0.2810286548057585,0.3066300711896388,0.2789026403234175,0.6777580732991566,1.0,1.0,1.0,0.0,1.0,1.0,1
LP001478,0.053719751702421,0.2346027210318472,0.085770649283815,0.2789026403234175,-0.4087990176383511,1.0,0.0,1.0,0.0,1.0,0.0,1
LP002892,0.174993757022358,0.2346027210318472,0.3752465906166909,0.2789026403234175,-0.1670259002651588,1.0,1.0,1.0,0.0,1.0,1.0,1
LP001846,0.065301387479966,0.2346027210318472,0.4824599022214597,0.2789026403234175,2.054078301206073,1.0,0.0,0.0,0.0,1.0,0.0,1
LP001570,0.0996972592138257,0.162659385401573,0.2744660777082082,0.2789026403234175,0.1171259464073842,1.0,1.0,0.0,0.0,1.0,1.0,1
LP002361,0.0252257546387623,0.1932353030444395,0.1500986362466763,0.2789026403234175,0.8534320727405756,1.0,1.0,0.0,1.0,1.0,1.0,1
LP001798,0.1521160600480841,0.562057309611517,0.1929839608885838,0.2789026403234175,-0.6307158561673849,1.0,1.0,0.0,0.0,1.0,1.0,1
LP002615,0.1218451544815693,0.6322020618510343,0.381679389312977,0.2789026403234175,0.3262984702546569,1.0,1.0,1.0,0.0,1.0,1.0,1
LP002960,0.0436294498469161,0.4271635553047529,0.2410155244875203,-2.514977409033419,1.0431842166081935,0.0,1.0,0.0,1.0,1.0,1.0,0
LP001585,1.0,0.2346027210318472,1.0,-0.6523907094621946,-0.8628513215219853,1.0,1.0,0.0,1.0,1.0,1.0,1
LP002833,0.1092164119076983,0.2346027210318472,0.1929839608885838,0.2789026403234175,-0.3608262569856305,0.0,1.0,0.0,0.0,1.0,1.0,1
LP001310,0.1481814769346168,0.4684185618302383,0.3109186036538295,0.2789026403234175,-0.1936991888463861,1.0,1.0,1.0,0.0,1.0,1.0,1
LP001671,0.0758676469701646,0.3165506767732063,0.1779740972639162,0.2789026403234175,-0.0920439855231484,1.0,1.0,1.0,0.0,1.0,1.0,1
LP002931,0.1578592821733873,0.2346027210318472,0.3752465906166909,-1.5836840592478068,-0.0450395767494608,1.0,1.0,1.0,0.0,1.0,1.0,0
LP002101,1.0,0.2346027210318472,0.9863624667638732,-2.514977409033419,-0.8713026817899011,1.0,1.0,0.0,1.0,1.0,1.0,1
LP002403,0.297981209827192,0.2346027210318472,0.3366497984389741,0.2789026403234175,-0.7461231143873307,1.0,0.0,0.0,1.0,0.0,0.0,0
LP001421,0.1441517022942107,0.2407853514375739,0.3109186036538295,0.2789026403234175,-0.1633923014780706,1.0,1.0,0.0,0.0,1.0,1.0,0
LP001370,0.2001560506431612,0.2346027210318472,0.1929839608885838,0.2789026403234175,-0.8148225586107223,0.0,0.0,0.0,0.0,1.0,0.0,0
LP001349,0.1211470832840186,0.4278380240762867,0.2594562140835405,0.2789026403234175,-0.1742273969806742,1.0,0.0,1.0,0.0,1.0,0.0,1
LP001594,0.1485939735513513,0.6323144733129566,0.3366497984389741,0.2789026403234175,-0.1058199540197002,1.0,1.0,1.0,0.0,1.0,1.0,1
LP001529,0.0492457499363009,0.4215429822086378,0.2616004803156359,0.2789026403234175,1.02804913944919,1.0,1.0,0.0,0.0,1.0,1.0,1
LP002317,1.0,0.2346027210318472,0.7076078565914743,0.2789026403234175,-1.0440506117944646,1.0,1.0,0.0,0.0,0.0,0.0,0
LP001225,0.1491651227129836,0.5165306675329842,0.4888927009177459,0.2789026403234175,0.4258931696179091,1.0,1.0,1.0,0.0,1.0,1.0,0
LP001536,1.0,0.2346027210318472,1.0,-2.514977409033419,-0.8628513215219853,1.0,1.0,1.0,0.0,0.0,0.0,1
LP001963,0.0313814733808,0.3288035261227374,0.1779740972639162,0.2789026403234175,0.903686145620818,1.0,1.0,0.0,1.0,1.0,1.0,0
LP002911,0.0559091568220117,0.2154927725050556,0.2487348829230636,0.2789026403234175,0.7427801777001474,1.0,1.0,0.0,0.0,0.0,0.0,0
LP001813,0.159445807622366,0.4870788645093406,0.1929839608885838,-2.514977409033419,-0.6647631041911112,1.0,0.0,0.0,1.0,1.0,0.0,0
LP002362,0.1975224183978564,0.1873899070244797,0.1715412985676301,0.0926439703662951,-0.8663639971758249,1.0,1.0,0.0,1.0,0.0,0.0,0
LP002137,0.1684255416635859,0.5151817299899165,0.4910369671498412,0.2789026403234175,0.2459798304702847,1.0,1.0,1.0,0.0,1.0,1.0,1
LP002606,0.0677129061624137,0.2346027210318472,0.1500986362466763,0.2789026403234175,-0.1536203612731438,1.0,0.0,1.0,0.0,1.0,0.0,1
LP001073,0.1015693592436206,0.1169079203991955,0.1715412985676301,0.2789026403234175,-0.3969030257916325,0.0,1.0,0.0,1.0,1.0,1.0,1
LP002386,0.3760382619169473,0.2346027210318472,0.8040998370357662,0.2789026403234175,-0.1623428519078731,1.0,0.0,1.0,0.0,1.0,0.0,1
LP001041,0.0499755516428311,0.3934401167280619,0.182262629728107,-0.2798733695479497,0.3901390670537786,1.0,1.0,0.0,1.0,1.0,1.0,1
LP002877,0.0240199952975385,0.2509023830105812,0.165108499871344,0.2789026403234175,1.073952557187887,1.0,1.0,0.0,0.0,1.0,1.0,1
LP001318,0.1657919094182811,0.6355744057087035,0.3387940646710695,-2.514977409033419,-0.2217498245185316,1.0,1.0,1.0,0.0,1.0,1.0,1
LP002731,0.5438609239099214,0.2346027210318472,0.2037052920490608,0.2789026403234175,-1.2248745779368206,0.0,0.0,0.0,1.0,1.0,0.0,1
LP001253,0.134569088582379,0.1994179334501662,0.3366497984389741,0.2789026403234175,0.0130827077847113,1.0,1.0,1.0,0.0,1.0,1.0,1
LP002149,0.2318865596227365,0.3560070999079349,0.2894759413328758,0.2789026403234175,-0.666229772385924,1.0,1.0,0.0,0.0,1.0,1.0,1
LP001692,0.1073443118779033,0.2346027210318472,0.1929839608885838,0.2789026403234175,-0.3452784822496946,0.0,0.0,1.0,0.0,1.0,0.0,1
LP002103,0.2794823230920996,0.2060502097035821,0.3259284672784972,-2.514977409033419,-0.7220833282411157,1.0,1.0,0.0,1.0,1.0,1.0,1
LP002223,0.1042347219979049,0.2346027210318472,0.2144266232095376,0.2789026403234175,-0.2181862306149286,1.0,1.0,1.0,0.0,1.0,1.0,1
LP001761,0.1705514857652174,0.2346027210318472,0.364525259456214,0.2789026403234175,-0.1711582282975333,1.0,0.0,0.0,0.0,1.0,0.0,1
LP001543,0.2701218229431248,0.2346027210318472,0.3366497984389741,0.2789026403234175,-0.6746619063692875,1.0,1.0,0.0,1.0,1.0,1.0,1
LP001087,0.0864656369693428,0.2341530751841579,0.1929839608885838,0.2789026403234175,-0.1387277178994574,1.0,0.0,1.0,0.0,1.0,0.0,1
LP002160,0.131427768193401,0.3560070999079349,0.364525259456214,0.2789026403234175,0.1512953176094038,1.0,1.0,1.0,0.0,1.0,1.0,1
LP001900,0.0547351279897674,0.2070619128608828,0.182262629728107,0.2789026403234175,0.2858171454935346,1.0,1.0,1.0,0.0,1.0,1.0,1
LP002114,0.0994751456509686,0.2346027210318472,0.0879149155159104,0.2789026403234175,-0.7844274954406334,1.0,0.0,1.0,0.0,1.0,0.0,1
LP002640,0.1599217652570597,0.225272569692296,0.4717385710609829,0.2789026403234175,0.2599563472745789,1.0,1.0,1.0,0.0,1.0,1.0,1
LP001835,0.0204027172738669,0.4372805868777602,0.3666695256883094,0.2789026403234175,3.688228051089784,0.0,1.0,1.0,0.0,0.0,0.0,0
LP001259,0.09241510740301315,0.3397074379292009,0.1715412985676301,0.2789026403234175,3.118033781588609,1.0,1.0,0.0,1.0,1.0,1.0,0
LP001768,0.0853867996640372,0.2346027210318472,0.0257311947851445,-2.514977409033419,-1.033702750456618,1.0,1.0,0.0,0.0,1.0,1.0,1
LP002098,0.0606052721509889,0.2346027210318472,0.1458101037824856,0.2789026403234175,-0.0786180154921212,1.0,0.0,1.0,0.0,1.0,0.0,1
LP001492,0.4434021324805858,0.2346027210318472,0.4545844412042198,0.2789026403234175,-0.8247666714660776,1.0,0.0,1.0,0.0,0.0,0.0,0
LP001489,0.112897150949329,0.2346027210318472,0.1157903765331503,0.2789026403234175,-0.7298881105103637,1.0,1.0,0.0,0.0,1.0,1.0,0
LP002449,0.0462630820922208,0.2772066651004002,0.1286559739257226,-2.514977409033419,0.0448927958002665,1.0,1.0,0.0,0.0,0.0,0.0,1
LP002318,0.0901781065199531,0.2346027210318472,0.068616519427052,0.2789026403234175,-0.8291473141476402,0.0,0.0,1.0,0.0,1.0,0.0,0
LP001343,0.0232901935910083,0.3980489866668764,0.216570889441633,0.2789026403234175,1.697882699277756,1.0,1.0,1.0,0.0,1.0,1.0,1
LP001029,0.0262728614350883,0.3192485518593416,0.1801183634960116,0.2789026403234175,1.1378174454870065,1.0,0.0,0.0,0.0,1.0,0.0,0
LP001947,0.0430900311942633,0.3747798140489595,0.3044858049575434,0.2789026403234175,1.5985931871520846,1.0,1.0,1.0,0.0,1.0,1.0,1
LP001241,0.1039174169081092,0.2346027210318472,0.2272922206021099,0.2789026403234175,-0.1548172734457898,1.0,0.0,1.0,0.0,0.0,0.0,0
LP001998,0.2107540406423394,0.2346027210318472,0.3323612659747834,0.2789026403234175,-0.4790584373397403,0.0,1.0,0.0,0.0,1.0,1.0,1
LP001024,0.0690138570305763,0.0786880233456123,0.085770649283815,0.2789026403234175,-0.5765396082734808,1.0,1.0,0.0,1.0,1.0,1.0,1
LP001267,0.01120086966979,0.2114459598758527,0.2937644737970665,0.2789026403234175,3.7179142269143854,1.0,1.0,0.0,1.0,1.0,1.0,0
LP001144,0.1521795210660433,0.2346027210318472,0.2444463504588729,0.2789026403234175,-0.4527407822177213,1.0,1.0,0.0,1.0,1.0,1.0,1
LP001726,0.0857358352628125,0.1995303449120885,0.216570889441633,0.2789026403234175,-0.0025665623563693,1.0,1.0,1.0,0.0,1.0,1.0,1
LP001245,0.026970932632639,0.2107714911043189,0.1436658375503902,0.2789026403234175,0.7145550445743589,0.0,1.0,1.0,0.0,1.0,1.0,1
LP001849,0.1592871550774682,0.2346027210318472,0.182262629728107,0.2789026403234175,-0.6998193607172277,0.0,0.0,0.0,0.0,0.0,0.0,0
LP002188,0.1300633563072793,0.2346027210318472,0.2015610258169654,0.2789026403234175,-0.4760117771214959,1.0,0.0,0.0,0.0,0.0,0.0,0
LP001936,0.0650475434081294,0.271586092004285,0.233725019298396,0.2789026403234175,0.4321898852059636,1.0,1.0,0.0,0.0,1.0,1.0,1
LP002128,0.0494361329901783,0.2619187062789669,0.2037052920490608,0.2789026403234175,0.5701315064113551,1.0,1.0,0.0,0.0,1.0,1.0,1
LP001806,0.0615571874203761,0.6408577444190517,0.268033279011922,-4.377564108604643,0.7380445294900048,1.0,0.0,0.0,1.0,1.0,0.0,1
LP001119,0.0817060606224065,0.2346027210318472,0.1072133116047688,0.2789026403234175,-0.5615254830891864,1.0,0.0,0.0,1.0,1.0,0.0,0
LP002697,0.1159750103203478,0.2346027210318472,0.2821854361437515,0.2789026403234175,-0.0293324919412758,1.0,0.0,1.0,0.0,1.0,0.0,0
LP001996,0.6094796164796832,0.2346027210318472,0.9649198044429196,0.2789026403234175,-0.4966040288251848,1.0,0.0,0.0,0.0,1.0,0.0,0
LP002979,0.0977616981660716,0.2346027210318472,0.0214426623209537,-2.514977409033419,-1.101185651427934,1.0,1.0,0.0,0.0,1.0,1.0,1
LP002772,0.0476274939783425,0.2004296366074669,0.2465906166909683,0.2789026403234175,0.95971566622497,1.0,0.0,0.0,0.0,1.0,0.0,1
LP002949,0.09241510740301315,1.0,0.6861651942705205,-2.514977409033419,13.242680930256176,1.0,0.0,0.0,1.0,1.0,0.0,0
LP001872,0.1313960376844214,0.2346027210318472,0.2101380907453469,0.2789026403234175,-0.4510382622207903,1.0,0.0,1.0,0.0,1.0,0.0,1
LP002699,0.5227601354385037,0.2346027210318472,0.7933785058752894,0.2789026403234175,-0.5340710827521911,1.0,1.0,0.0,0.0,1.0,1.0,1
LP002473,0.2319182901317161,0.2346027210318472,0.2787546101723989,0.2789026403234175,-0.6922748410655899,1.0,1.0,1.0,0.0,1.0,1.0,0
LP001720,0.0896386878673003,0.1105004670696242,0.1500986362466763,0.2789026403234175,-0.3992949356433045,0.0,1.0,1.0,0.0,1.0,1.0,1
LP001385,0.1361556140313577,0.2346027210318472,0.2272922206021099,0.2789026403234175,-0.4161968853685223,1.0,0.0,0.0,1.0,1.0,0.0,1
LP002031,0.0753282283175118,0.1843547975525775,0.1736855647997255,-2.514977409033419,-0.1103331315668086,0.0,1.0,0.0,1.0,1.0,1.0,1
LP001179,0.113944257745655,0.2346027210318472,0.2230036881379191,0.2789026403234175,-0.2671757706373013,1.0,1.0,0.0,1.0,1.0,1.0,0
LP002364,0.4396262019120163,0.2346027210318472,0.1415215713182948,0.2789026403234175,-1.243457362427459,1.0,1.0,1.0,0.0,1.0,1.0,1
LP002777,0.0558456958040525,0.2266215072353636,0.1715412985676301,0.2789026403234175,0.1854609390062623,1.0,1.0,0.0,0.0,1.0,1.0,1
LP001095,0.0679667502342503,0.2346027210318472,0.0943477142121965,0.2789026403234175,-0.5120694193308792,1.0,0.0,0.0,1.0,1.0,0.0,0
LP001994,0.0436294498469161,0.2094225535612512,0.1586757011750578,0.2789026403234175,0.3513333281159101,1.0,0.0,0.0,1.0,0.0,0.0,0
LP001616,0.0864656369693428,0.2346027210318472,0.1844068959602023,0.2789026403234175,-0.1848511104656097,1.0,1.0,1.0,0.0,1.0,1.0,1
LP002377,0.241120137735793,0.2346027210318472,0.2573119478514452,0.2789026403234175,-0.7703304596781854,1.0,0.0,1.0,0.0,1.0,0.0,1
LP001657,0.1589063889697133,0.2346027210318472,0.2787546101723989,0.2789026403234175,-0.3756519571875493,0.0,1.0,0.0,1.0,1.0,1.0,0
LP002684,0.0753599588264914,0.2346027210318472,0.1393773050861994,0.2789026403234175,-0.3142340094655147,0.0,0.0,0.0,0.0,1.0,0.0,0
LP001884,0.0587331721211939,0.1753618805987933,0.1286559739257226,0.2789026403234175,-0.1692788524052016,1.0,0.0,0.0,1.0,1.0,0.0,1
LP002529,0.18007063845909,0.1967200583640309,0.4288532464190753,-0.6523907094621946,-0.0380479244248341,1.0,1.0,1.0,0.0,1.0,1.0,1
LP001892,0.0573687602350722,0.2087480847897174,0.2058495582811561,0.2789026403234175,0.4007352586905369,1.0,0.0,0.0,0.0,1.0,0.0,1
LP001688,0.0785330097244489,0.1217416132618545,0.2251479543700145,0.2789026403234175,0.1454253255884446,0.0,1.0,0.0,1.0,1.0,1.0,1
LP001367,0.0643177417015992,0.1157838057799725,0.1500986362466763,0.2789026403234175,-0.1056313123555933,1.0,1.0,0.0,1.0,1.0,1.0,1
LP002231,0.1578592821733873,0.2346027210318472,0.2701775452440174,0.2789026403234175,-0.3981718010840639,1.0,0.0,0.0,1.0,1.0,0.0,1
LP002732,0.0483890261938524,0.2295442052453435,0.2058495582811561,0.2789026403234175,0.6141688372244981,0.0,0.0,0.0,0.0,1.0,0.0,1
LP001715,0.1484353210064534,0.2346027210318472,0.2144266232095376,0.2789026403234175,-0.5367573102443958,0.0,1.0,0.0,0.0,1.0,1.0,1
LP001266,0.0434707973020182,0.2346027210318472,0.0578951882665751,0.2789026403234175,-0.4933193528156488,1.0,1.0,1.0,0.0,1.0,1.0,1
LP001864,0.1239393680742212,0.2346027210318472,0.2101380907453469,0.2789026403234175,-0.3999782460626357,0.0,1.0,1.0,0.0,1.0,1.0,0
LP002262,0.2690429856378193,0.2346027210318472,0.5253452268633672,0.2789026403234175,-0.271252396192829,1.0,1.0,0.0,0.0,1.0,1.0,1
LP001964,0.0245911444591708,0.3298152292800382,0.1350887726220087,0.2789026403234175,0.7116723325389744,0.0,1.0,0.0,1.0,0.0,0.0,0
LP002690,0.0468025007448736,0.2346027210318472,0.0536066558023844,0.2789026403234175,-0.5711345232071349,1.0,0.0,1.0,0.0,1.0,0.0,1
LP001673,0.316511827071264,0.2346027210318472,0.1136461103010549,0.2789026403234175,-1.1961589054245956,1.0,0.0,0.0,1.0,1.0,0.0,0
LP001636,0.1134365696019818,0.2346027210318472,0.0922034479801011,-2.514977409033419,-0.836218695156624,1.0,1.0,1.0,0.0,1.0,1.0,1
LP002562,0.1366950326840105,0.1271373634341251,0.3345055322068787,0.2789026403234175,-0.0143165043115896,0.0,1.0,0.0,1.0,1.0,1.0,1
LP001647,0.263458416057414,0.2346027210318472,0.3387940646710695,-2.514977409033419,-0.6509406505675226,1.0,1.0,0.0,0.0,1.0,1.0,1
LP002418,0.1168317340627964,0.2240360436111506,0.2530234153872544,0.2789026403234175,-0.1628329963597792,0.0,0.0,1.0,0.0,1.0,0.0,1
LP001036,0.0788503148142447,0.2346027210318472,0.0986362466763873,0.2789026403234175,-0.5861640474941823,1.0,0.0,0.0,1.0,0.0,0.0,0
LP002500,0.0609860382587438,0.1870526726387128,0.085770649283815,-2.514977409033419,-0.4953349454596132,0.0,1.0,0.0,1.0,0.0,0.0,0
LP002842,0.0758993774791442,0.1967200583640309,0.3345055322068787,0.2789026403234175,0.8313213329540781,1.0,1.0,0.0,1.0,1.0,1.0,1
LP002659,0.0774541724191434,0.385346491469656,0.2573119478514452,0.2789026403234175,0.348921364785669,1.0,1.0,0.0,0.0,1.0,1.0,1
LP001264,0.0732340147248598,0.2434832265237091,0.2144266232095376,0.2789026403234175,0.1641257013355384,0.0,1.0,1.0,0.0,1.0,1.0,1
LP002585,0.0816108690954677,0.2424715233664084,0.1908396946564884,0.2789026403234175,-0.0918926633128934,1.0,1.0,0.0,0.0,0.0,0.0,0
LP002263,0.0494361329901783,0.2377502419656717,0.1929839608885838,0.2789026403234175,0.4864290663595398,1.0,1.0,0.0,1.0,1.0,1.0,1
LP002467,0.0851329555922006,0.2887850456783974,0.3066300711896388,0.2789026403234175,0.4950024716269829,1.0,1.0,0.0,1.0,1.0,1.0,0
LP001708,0.2847813180916886,0.2346027210318472,0.3945449867055492,0.2789026403234175,-0.5970789315255955,1.0,0.0,1.0,0.0,1.0,0.0,0
LP002209,0.0551793551154815,0.1640083229446406,0.1715412985676301,0.2789026403234175,0.1984369517094809,1.0,0.0,0.0,1.0,1.0,0.0,1
LP001398,0.1277152986427907,0.2346027210318472,0.1886954284243931,0.2789026403234175,-0.5120531973334126,1.0,0.0,1.0,0.0,1.0,0.0,1
LP001194,0.0534024466126253,0.131184176063328,0.1436658375503902,0.2789026403234175,0.0264427397852771,1.0,1.0,1.0,0.0,1.0,1.0,1
LP001786,0.1497997328925751,0.2346027210318472,0.4824599022214597,0.2789026403234175,0.3965356174281523,1.0,1.0,0.0,1.0,1.0,1.0,0
LP001109,0.025479598710599,0.1495072443566635,0.1500986362466763,0.0926439703662951,0.8430344291185862,1.0,1.0,0.0,1.0,0.0,0.0,0
LP002138,0.0507688143673205,0.7025716370143963,0.3366497984389741,0.2789026403234175,1.5579542229268573,1.0,1.0,0.0,0.0,1.0,1.0,1
LP002455,0.0899242624481165,0.2346027210318472,0.1415215713182948,0.2789026403234175,-0.4467349286871599,1.0,1.0,1.0,0.0,1.0,1.0,1
LP001334,0.1003635999023968,0.2346027210318472,0.182262629728107,-2.514977409033419,-0.3350660132607467,0.0,1.0,1.0,0.0,1.0,1.0,1
LP001487,0.1227970697509565,0.2346027210318472,0.1543871687108671,0.2789026403234175,-0.6213979496055145,1.0,0.0,1.0,0.0,1.0,0.0,1
LP001213,0.1243835951999353,0.2346027210318472,0.2148554764559567,0.2789026403234175,-0.3839185535076936,1.0,1.0,0.0,0.0,0.0,0.0,0
LP002357,0.0537832127203802,0.2346027210318472,0.1072133116047688,-0.4661320395050722,-0.2506447733908564,0.0,0.0,0.0,1.0,0.0,0.0,0
LP002984,0.208088677888055,0.2346027210318472,0.3366497984389741,0.2789026403234175,-0.4560959515300007,1.0,1.0,0.0,1.0,1.0,1.0,1
LP001749,0.2079300253431572,0.1135355765415264,0.3109186036538295,0.2789026403234175,-0.5238653496102914,1.0,1.0,1.0,0.0,1.0,1.0,1
LP001345,0.1035366508003543,0.366798600252476,0.2208594219058238,-2.514977409033419,-0.1812423422272832,0.0,1.0,0.0,1.0,1.0,1.0,1
LP001387,0.0604148890971114,0.2622559406647338,0.233725019298396,0.2789026403234175,0.5296205542032796,1.0,1.0,1.0,0.0,1.0,1.0,1
LP001736,0.0379496887395721,0.2346027210318472,0.0643279869628613,0.2789026403234175,-0.3542886430848065,1.0,1.0,0.0,1.0,0.0,0.0,0
LP002820,0.15541603298196,0.2308931427884112,0.3881121880092631,0.2789026403234175,0.0179695582971316,1.0,1.0,0.0,0.0,1.0,1.0,1
LP001120,0.0245911444591708,0.136355103311754,0.0364525259456214,0.2789026403234175,-0.3933672810250896,1.0,0.0,0.0,1.0,1.0,0.0,1
LP002447,0.0296045648779437,0.1636710885588737,0.0643279869628613,-0.6523907094621946,-0.1973831047685683,0.0,1.0,0.0,1.0,1.0,1.0,1
LP002142,0.1419940276835996,0.2346027210318472,0.1608199674071532,0.2789026403234175,-0.6969255938420954,1.0,1.0,0.0,0.0,0.0,0.0,0
LP001770,0.068664821431801,0.2920449780741442,0.1929839608885838,0.2789026403234175,0.1046892456904897,0.0,0.0,0.0,0.0,1.0,0.0,1
LP002347,0.0704734604436368,0.1592870415439039,0.2315807530663006,0.2789026403234175,0.315898882579298,1.0,1.0,1.0,0.0,1.0,1.0,1
LP001038,0.1225432256791199,0.2346027210318472,0.2208594219058238,0.2789026403234175,-0.3456317640487255,0.0,1.0,0.0,0.0,1.0,1.0,0
LP001404,0.0679667502342503,0.2566353675686186,0.2658890127798267,0.2789026403234175,0.580211743429278,1.0,1.0,1.0,0.0,1.0,1.0,1
LP001422,0.2977273657553554,0.2346027210318472,0.4910369671498412,0.2789026403234175,-0.4463979559266035,1.0,0.0,0.0,1.0,1.0,0.0,1
LP001106,0.0396631362244691,0.2323544917934011,0.1393773050861994,0.2789026403234175,0.2832252965106714,1.0,1.0,0.0,1.0,1.0,1.0,1
LP001586,0.0792310809219996,0.2346027210318472,0.1093575778368642,-2.514977409033419,-0.5279675065273565,0.0,1.0,0.0,0.0,1.0,1.0,0
LP001541,0.1578592821733873,0.2346027210318472,0.2787546101723989,0.2789026403234175,-0.3693446807302186,1.0,1.0,0.0,0.0,1.0,1.0,1
LP002840,0.0429313786493654,0.2346027210318472,0.2122823569774423,0.2789026403234175,-0.9769204890290912,1.0,0.0,0.0,1.0,1.0,0.0,0
LP001990,0.0309372462550859,0.2346027210318472,0.0853417960373959,0.2789026403234175,-0.013329744360231,0.0,0.0,0.0,1.0,1.0,0.0,0
LP001391,0.0808176063709784,0.4624607543483562,0.2616004803156359,-0.4661320395050722,0.3175994638720487,0.0,1.0,0.0,0.0,0.0,0.0,0
LP002683,0.1160702018472865,0.215267949581211,0.3323612659747834,0.2789026403234175,0.1857759072496566,1.0,0.0,1.0,0.0,1.0,0.0,0
LP001195,0.0351256734403899,0.1788466359183847,0.1415215713182948,0.2789026403234175,0.4246180337058916,1.0,1.0,1.0,0.0,1.0,1.0,1
LP002191,0.5935191704629568,0.5919587584828497,1.0,0.2789026403234175,-0.4345965405884407,1.0,1.0,0.0,0.0,1.0,1.0,0
LP002328,0.1609054110354265,0.2346027210318472,0.4031220516339308,0.2789026403234175,0.0239071776401492,0.0,1.0,0.0,0.0,0.0,0.0,0
LP002305,0.1117548526260643,0.2346027210318472,0.182262629728107,0.2789026403234175,-0.428812107367357,1.0,0.0,1.0,0.0,1.0,0.0,1
LP001488,0.0943982642142366,0.8711888298978514,0.557509220344798,0.2789026403234175,1.6125198435966352,1.0,1.0,1.0,0.0,1.0,1.0,0
LP001157,0.0653965790069047,0.2346027210318472,0.1929839608885838,0.2789026403234175,0.1589968381335147,1.0,0.0,1.0,0.0,1.0,0.0,1
LP002544,0.0296045648779437,0.2738343212427311,0.216570889441633,0.2789026403234175,1.3705884568680549,0.0,1.0,0.0,0.0,1.0,1.0,1
LP001032,0.1245422477448332,0.2346027210318472,0.2037052920490608,0.2789026403234175,-0.4304931178444358,1.0,0.0,0.0,1.0,1.0,0.0,1
LP002717,0.09241510740301315,0.6182630405726687,0.39883351916974,0.2789026403234175,7.589752938916785,1.0,1.0,0.0,0.0,1.0,1.0,1
LP002180,0.1839417605545982,0.2346027210318472,0.2380135517625868,0.2789026403234175,-0.6287127029112529,1.0,0.0,0.0,0.0,1.0,0.0,1
LP002008,0.1497997328925751,0.2346027210318472,0.2444463504588729,-4.005046768690399,-0.4387786079312659,1.0,1.0,0.0,0.0,1.0,1.0,1
LP002624,0.6285179218674284,0.7494472166359968,0.9649198044429196,0.2789026403234175,-0.5261482749556176,1.0,1.0,0.0,1.0,1.0,1.0,1
LP001011,0.1393603954382949,0.471678494225985,0.5081910970066041,0.2789026403234175,0.6088722776312019,1.0,1.0,0.0,1.0,1.0,1.0,1
LP001497,0.1274614545709541,0.2341530751841579,0.3323612659747834,0.2789026403234175,0.0641484301838113,1.0,1.0,0.0,0.0,1.0,1.0,0
LP001824,0.0589235551750714,0.2071743243228051,0.1994167595848699,2.1414893398946417,0.3230263362347921,1.0,1.0,1.0,0.0,1.0,1.0,1
LP002602,0.1668390162146071,0.4964090158488918,0.3838236555450724,0.2789026403234175,-0.0840557513012688,1.0,0.0,0.0,0.0,0.0,0.0,0
LP002527,0.4918228891834177,0.1139852223892156,0.2573119478514452,0.2789026403234175,-1.1299270997484632,1.0,1.0,0.0,0.0,1.0,1.0,1
LP001807,0.1657919094182811,0.1461349004989944,0.1672527661034393,0.2789026403234175,-0.7752305353123585,1.0,1.0,0.0,0.0,1.0,1.0,1
LP001086,0.0132316222444829,0.2346027210318472,0.0107213311604768,0.2789026403234175,-0.4728984140401479,0.0,0.0,0.0,1.0,1.0,0.0,0
LP002407,0.1940955234280623,0.2346027210318472,0.2315807530663006,0.2789026403234175,-0.6869192858045028,0.0,1.0,0.0,0.0,1.0,1.0,1
LP001491,0.0726945960722071,0.3934401167280619,0.1243674414615318,0.2789026403234175,-0.3749084192786086,1.0,1.0,0.0,1.0,1.0,1.0,1
LP002788,0.0453428973318131,0.2622559406647338,0.3237842010464019,0.2789026403234175,1.6668790528213375,0.0,1.0,0.0,1.0,0.0,0.0,0
LP001907,0.4302022407450824,0.2346027210318472,0.8705720902307228,0.2789026403234175,-0.2296271420475214,1.0,1.0,1.0,0.0,1.0,1.0,1
LP002234,0.1948887861525517,0.2346027210318472,0.2101380907453469,0.2789026403234175,-0.7501667478576164,1.0,0.0,0.0,1.0,1.0,0.0,1
LP001908,0.0975713151121941,0.2346027210318472,0.2015610258169654,0.2789026403234175,-0.2146625715144643,0.0,1.0,0.0,0.0,1.0,1.0,1
LP002652,0.1519891380121658,0.4121004194071643,0.6025388112188008,0.2789026403234175,0.7901847175095716,1.0,0.0,0.0,0.0,1.0,0.0,0
LP001643,0.0430900311942633,0.2403357055898846,0.0600394544986705,0.2789026403234175,-0.4699916137323134,1.0,1.0,0.0,0.0,1.0,1.0,1
LP002534,0.1055039423570879,0.2346027210318472,0.2658890127798267,0.2789026403234175,0.0083899997684419,0.0,0.0,0.0,0.0,1.0,0.0,1
LP001641,0.0365852768534503,0.2346027210318472,0.0771935843554335,-0.6523907094621946,-0.2121058424365178,1.0,1.0,0.0,0.0,0.0,0.0,0
LP001888,0.0701878858628206,0.2346027210318472,0.2122823569774423,0.2789026403234175,-1.1216817605858995,1.0,0.0,0.0,1.0,1.0,0.0,1
LP002250,0.1416132615758447,0.2346027210318472,0.2037052920490608,0.2789026403234175,-0.5375379011620923,1.0,1.0,0.0,0.0,1.0,1.0,1
LP001003,0.112897150949329,0.1695164845788335,0.2101380907453469,0.2789026403234175,-0.3147473853622554,1.0,1.0,0.0,0.0,1.0,1.0,0
LP001233,0.3085791998263701,0.2346027210318472,0.6046830774508962,0.2789026403234175,-0.2674441622701149,1.0,1.0,0.0,1.0,1.0,1.0,1
LP001682,0.0941444201424,0.2346027210318472,0.1265117076936272,-2.514977409033419,-0.5583962866579908,0.0,1.0,0.0,1.0,1.0,1.0,0
LP001432,0.0613033433485395,0.2346027210318472,0.1093575778368642,0.2789026403234175,-0.337953633202528,1.0,1.0,1.0,0.0,1.0,1.0,1
LP001552,0.112897150949329,0.6323144733129566,0.4824599022214597,0.2789026403234175,0.8834997076788753,1.0,1.0,1.0,0.0,1.0,1.0,1
LP001250,0.118354798493816,0.2346027210318472,0.1393773050861994,0.6514199802376625,-0.658525257150495,0.0,1.0,1.0,0.0,0.0,0.0,0
LP002116,0.0429313786493654,0.2346027210318472,0.034308259713526,0.2789026403234175,-0.6859823525731268,1.0,0.0,0.0,0.0,1.0,0.0,0
LP002119,0.1119769661889213,0.1381536867025108,0.2744660777082082,0.2789026403234175,-0.0222038638209371,0.0,1.0,0.0,1.0,1.0,1.0,1
LP001580,0.221320300132538,0.2346027210318472,0.364525259456214,0.2789026403234175,-0.4414124816148315,1.0,1.0,1.0,0.0,1.0,1.0,1
LP002974,0.0700292333179227,0.2192023507484916,0.1672527661034393,0.2789026403234175,-0.0775057642766872,1.0,1.0,0.0,0.0,1.0,1.0,1
LP002097,0.1065827796623935,0.20155375122669,0.1865511621922977,0.2789026403234175,-0.3684241066313277,1.0,0.0,0.0,1.0,1.0,0.0,1
LP001066,0.2708198941406755,0.2346027210318472,0.3452268633673556,0.2789026403234175,-0.6585205010161758,1.0,1.0,1.0,0.0,1.0,1.0,1
LP002855,0.4962968909495379,0.2346027210318472,0.5253452268633672,0.2789026403234175,-0.8089297261356074,1.0,1.0,0.0,1.0,1.0,1.0,1
LP001972,0.0587014416122143,0.1967200583640309,0.1608199674071532,0.2789026403234175,0.0567953592831445,0.0,1.0,1.0,0.0,1.0,1.0,1
LP002225,0.1385354022048259,0.2346027210318472,0.2144266232095376,0.2789026403234175,-0.4797122867594088,1.0,1.0,0.0,1.0,1.0,1.0,1
LP002925,0.1181961459489181,0.2346027210318472,0.1372330388541041,0.2789026403234175,-0.6667191854330424,1.0,0.0,1.0,0.0,1.0,0.0,1
LP002446,0.0407419735297747,0.1410763847124907,0.2037052920490608,0.2789026403234175,0.8184475368812267,0.0,1.0,0.0,0.0,0.0,0.0,0
LP001859,0.43337529164304,0.2360640700368371,0.5875289475941332,0.2789026403234175,-0.6271651155777939,1.0,1.0,0.0,0.0,1.0,1.0,0
LP001275,0.0940174981064817,0.2346027210318472,0.0428853246419075,-1.5836840592478068,-0.9802945835153222,1.0,1.0,0.0,1.0,1.0,1.0,1
LP002244,0.0415035057452845,0.2716985034662073,0.2272922206021099,0.2789026403234175,0.9982445523446124,1.0,1.0,0.0,1.0,1.0,1.0,1
LP001326,0.1826725401954152,0.2346027210318472,0.3006261257397717,0.2789026403234175,-0.4372682111422574,1.0,0.0,0.0,1.0,1.0,0.0,0
LP002958,0.0841175793048542,0.4834816977278269,0.3044858049575434,0.2789026403234175,0.5008014766317667,1.0,0.0,0.0,0.0,1.0,0.0,1
LP001498,0.1393603954382949,0.2346027210318472,0.2959087400291619,0.2789026403234175,-0.1813856829643316,1.0,0.0,0.0,1.0,1.0,0.0,1
LP001265,0.089511765831382,0.2346027210318472,0.1736855647997255,0.2789026403234175,-0.2744535357277018,1.0,0.0,1.0,0.0,1.0,0.0,1
LP001691,0.0917646319689318,0.2346027210318472,0.2015610258169654,0.2789026403234175,-0.1535644487223708,0.0,1.0,1.0,0.0,1.0,1.0,1
LP002693,0.2196703136656,0.8055405361352262,0.9649198044429196,0.2789026403234175,1.0889855346540365,1.0,1.0,0.0,0.0,1.0,1.0,1
LP001020,0.3749276941026622,1.0,0.6840209280384251,0.2789026403234175,-0.3472096907225158,1.0,1.0,1.0,0.0,1.0,1.0,0
LP001674,0.0499755516428311,0.2810286548057585,0.1286559739257226,0.2789026403234175,-0.0256367072805264,0.0,1.0,1.0,0.0,1.0,1.0,1
LP002368,0.1557967990897149,0.2346027210318472,0.2208594219058238,0.2789026403234175,-0.5534302513133242,1.0,1.0,1.0,0.0,1.0,1.0,1
LP001333,0.0302074445485557,0.1120742275365365,0.0428853246419075,0.2789026403234175,-0.4288361582434651,1.0,1.0,1.0,0.0,1.0,1.0,1
LP002243,0.062985060324457,0.3525223445883435,0.2037052920490608,0.2789026403234175,0.2732798294834058,0.0,1.0,0.0,1.0,0.0,0.0,0
LP002916,0.0403612074220198,0.1710902450457457,0.1586757011750578,0.2789026403234175,0.4353549087728509,1.0,1.0,0.0,1.0,1.0,1.0,1
LP002530,0.0586379805942552,0.2104342567185519,0.2187151556737284,0.2789026403234175,0.4642637978626999,1.0,1.0,1.0,0.0,0.0,0.0,0
LP001206,0.0635879399950689,0.2346027210318472,0.1479543700145809,0.2789026403234175,-0.1091487512240693,1.0,1.0,0.0,1.0,1.0,1.0,1
LP002448,0.0927482777472987,0.1948090635113518,0.2551676816193498,0.2789026403234175,0.1095009506793976,1.0,1.0,0.0,0.0,0.0,0.0,0
LP002255,0.2583498041117024,0.2346027210318472,0.3323612659747834,0.2789026403234175,-0.6497856748565317,1.0,0.0,0.0,0.0,1.0,0.0,1
LP002139,0.2556844413574181,0.2346027210318472,0.4245647139548845,0.2789026403234175,-0.4370089112646213,1.0,1.0,1.0,0.0,1.0,1.0,1
LP002928,0.0626677552346613,0.3839975539265884,0.0557509220344797,-2.514977409033419,-0.7152701249763606,1.0,1.0,1.0,0.0,1.0,1.0,1
LP002487,0.0631437128693549,0.2459562786859998,0.2637447465477313,0.2789026403234175,0.6718736962295613,1.0,1.0,0.0,0.0,1.0,1.0,1
LP002197,0.1319989173550334,0.2346027210318472,0.268033279011922,0.2789026403234175,-0.2297958435303126,1.0,1.0,1.0,0.0,1.0,1.0,1
LP002366,0.0520697652354831,0.4833692862659046,0.1951282271206793,0.2789026403234175,0.4401070183278638,1.0,1.0,0.0,0.0,1.0,1.0,1
LP002277,0.0683792468509848,0.2346027210318472,0.0879149155159104,0.2789026403234175,-0.5569929169958147,1.0,0.0,0.0,1.0,0.0,0.0,0
LP002872,0.0654283095158843,0.2484293308482905,0.2272922206021099,0.2789026403234175,0.3825697121727976,1.0,1.0,1.0,0.0,0.0,0.0,0
LP002296,0.0548937805346653,0.2346027210318472,0.0750493181233381,-0.6523907094621946,-0.5022319506009386,0.0,0.0,0.0,0.0,1.0,0.0,0
LP002706,0.1351719682529909,0.1607483905488938,0.2808988764044943,0.2789026403234175,-0.2051637303705708,0.0,1.0,1.0,0.0,0.0,0.0,1
LP001974,0.1261287731938119,0.2346027210318472,0.2187151556737284,0.2789026403234175,-0.3808755288717568,1.0,0.0,0.0,0.0,1.0,0.0,1
LP001327,0.0462948126012004,0.2587711853451424,0.2294364868342053,0.2789026403234175,0.8624228532299764,1.0,1.0,1.0,0.0,1.0,1.0,1
LP001844,0.4830969992140346,0.2346027210318472,0.347371129599451,0.2789026403234175,-1.0115242233820307,1.0,0.0,0.0,1.0,0.0,0.0,0
LP002393,0.2862726520137287,0.2346027210318472,0.330645852989107,-1.5836840592478068,-0.7296621659532578,1.0,1.0,1.0,0.0,1.0,1.0,1
LP002201,0.2632997635125161,0.8850154397142947,0.7504931812333817,-0.6523907094621946,0.2400352269535528,1.0,1.0,0.0,0.0,1.0,1.0,1
LP001448,0.7227575335367671,0.2346027210318472,0.7290505189124281,0.2789026403234175,-0.8502851518859129,1.0,1.0,0.0,0.0,1.0,1.0,1
LP001123,0.0436294498469161,0.2346027210318472,0.0964919804442919,0.2789026403234175,-0.1711582282975333,1.0,1.0,0.0,1.0,1.0,1.0,1
LP001790,0.0884329285260764,0.2346027210318472,0.1758298310318208,0.2789026403234175,-0.2519792799191808,1.0,0.0,0.0,0.0,1.0,0.0,1
LP001924,0.0676811756534342,0.3431921932487923,0.1265117076936272,0.2789026403234175,-0.3038036027882908,1.0,0.0,0.0,0.0,1.0,0.0,1
LP001870,0.077930130053837,0.2346027210318472,0.268033279011922,-4.7500814485188885,0.4029670814644376,1.0,0.0,1.0,0.0,1.0,0.0,0
LP001744,0.0617475704742536,0.3137403902251488,0.2444463504588729,0.2789026403234175,0.5733826883642259,1.0,0.0,1.0,0.0,1.0,0.0,1
LP001350,0.4005976758671387,0.2346027210318472,0.4228493009692082,0.2789026403234175,-0.8027018306649459,1.0,1.0,0.0,1.0,1.0,1.0,1
LP002794,0.0521014957444627,0.182668625623743,0.1157903765331503,0.2789026403234175,-0.1605182970645688,1.0,0.0,0.0,1.0,1.0,0.0,1
LP001013,0.0415035057452845,0.1704157762742119,0.1393773050861994,0.2789026403234175,0.2383354645771556,0.0,1.0,0.0,1.0,1.0,1.0,1
LP001955,0.1261287731938119,0.2856375247445729,0.2594562140835405,2.1414893398946417,-0.2165609428548393,1.0,0.0,0.0,0.0,1.0,0.0,0
LP002444,0.0553380076603793,0.1733384742841918,0.3430825971352602,0.2789026403234175,1.4446088947316735,0.0,0.0,1.0,0.0,1.0,0.0,0
LP001925,0.0499755516428311,0.1930104801205949,0.1479543700145809,-0.6523907094621946,0.1240425714798233,1.0,0.0,1.0,0.0,1.0,0.0,0
LP001137,0.0756772639162871,0.2346027210318472,0.1243674414615318,-0.7268941774450438,-0.4065409650577609,1.0,0.0,0.0,1.0,1.0,0.0,1
LP002531,0.4963286214585174,0.2529257893251826,0.120078908997341,0.2789026403234175,-1.2993120456942473,1.0,1.0,1.0,0.0,1.0,1.0,1
LP001138,0.1467218735215563,0.2346027210318472,0.0300197272493352,0.2789026403234175,-1.185628301158803,1.0,1.0,0.0,1.0,1.0,1.0,1
LP002143,0.0443592515534463,0.0567677882707632,0.2144266232095376,0.2789026403234175,0.7975409834485402,1.0,1.0,1.0,0.0,1.0,1.0,1
LP001255,0.0864656369693428,0.2346027210318472,0.1779740972639162,2.1414893398946417,-0.2194436548902238,1.0,0.0,0.0,1.0,1.0,0.0,0
LP002429,0.0774541724191434,0.1360178689259871,0.2144266232095376,0.2789026403234175,0.09940791682971,1.0,1.0,0.0,0.0,1.0,1.0,1
LP002224,0.0648571603542519,0.2346027210318472,0.0879149155159104,2.1414893398946417,-0.5220748784993691,1.0,0.0,0.0,1.0,1.0,0.0,0
LP002115,0.0514668855648712,0.1783969900706955,0.3066300711896388,0.2789026403234175,1.3036520056157177,0.0,1.0,0.0,0.0,1.0,1.0,0
LP001877,0.1168634645717759,0.1559146976862348,0.2573119478514452,0.2789026403234175,-0.1447527574976273,1.0,1.0,1.0,0.0,1.0,1.0,1
LP001043,0.2105319270794823,0.2346027210318472,0.1586757011750578,0.2789026403234175,-0.9353497592182488,0.0,1.0,0.0,1.0,0.0,0.0,0
LP002940,0.0890992692146475,0.2346027210318472,0.1715412985676301,0.2789026403234175,-0.2815020598763415,0.0,0.0,0.0,0.0,1.0,0.0,1
LP002006,0.0470246143077306,0.2346027210318472,0.0557509220344797,0.2789026403234175,-0.5565427339255116,1.0,0.0,0.0,0.0,1.0,0.0,1
LP001603,0.1053135593032105,0.0827348359748153,0.1222231752294364,0.2789026403234175,-0.6564213903313562,0.0,1.0,1.0,0.0,1.0,1.0,0
LP002236,0.1123577322966762,0.2346027210318472,0.1500986362466763,0.2789026403234175,-0.5754150285947622,1.0,1.0,0.0,1.0,1.0,1.0,0
LP002643,0.0716474892758811,0.2287573250118874,0.2530234153872544,0.2789026403234175,0.4268914672096772,1.0,1.0,0.0,1.0,1.0,1.0,1
LP001577,0.112897150949329,0.2346027210318472,0.1758298310318208,0.2789026403234175,-0.4657076490524766,1.0,1.0,0.0,0.0,1.0,1.0,0
LP001546,0.0620331450550697,0.2341530751841579,0.1929839608885838,0.2789026403234175,0.2188059627307829,1.0,0.0,0.0,0.0,1.0,0.0,1
LP002847,0.1298095122354427,0.1631090312492622,0.2894759413328758,0.2789026403234175,-0.1278414793295536,1.0,1.0,0.0,1.0,0.0,0.0,0
LP002472,0.1056308643930063,0.2346027210318472,0.2272922206021099,0.2789026403234175,-0.1717789316813581,1.0,0.0,0.0,0.0,1.0,0.0,1
LP001711,0.0763118740958787,0.1405143274028792,0.2101380907453469,0.2789026403234175,0.0912168922699895,1.0,1.0,1.0,0.0,0.0,0.0,0
LP001451,0.3010590691982108,0.4327841284008681,0.2787546101723989,-2.514977409033419,-0.8643386659177129,1.0,1.0,0.0,1.0,0.0,0.0,0
LP002505,0.1049645237044352,0.2755204931715656,0.1715412985676301,0.2789026403234175,-0.4246970096810591,1.0,1.0,0.0,1.0,1.0,1.0,0
LP002175,0.1181961459489181,0.2622559406647338,0.2144266232095376,0.2789026403234175,-0.3390003435156448,1.0,1.0,0.0,1.0,1.0,1.0,1
LP001439,0.1039174169081092,0.226396684311519,0.3516596620636417,0.2789026403234175,0.4284291151087518,0.0,1.0,0.0,0.0,1.0,1.0,1
LP001473,0.0313814733808,0.2168417100481232,0.0943477142121965,0.2789026403234175,0.0663541988979076,1.0,0.0,0.0,1.0,1.0,0.0,1
LP002894,0.0679350197252708,0.2346027210318472,0.0128655973925722,0.2789026403234175,-1.030747720055333,1.0,1.0,1.0,0.0,1.0,1.0,1
LP002912,0.1033779982554564,0.3372343857669102,0.3044858049575434,-4.005046768690399,0.2140629289525499,1.0,1.0,0.0,0.0,1.0,1.0,0
LP002753,0.0833560470893444,0.2346027210318472,0.1393773050861994,0.2789026403234175,-0.3976034679336047,1.0,0.0,1.0,0.0,1.0,0.0,1
LP001116,0.0864021759513836,0.1875023184864021,0.1715412985676301,0.2789026403234175,-0.2533593619105857,0.0,0.0,1.0,0.0,1.0,0.0,1
LP001384,0.0331901123926358,0.0847582422894167,0.1372330388541041,2.1414893398946417,0.4402088295448339,0.0,1.0,1.0,0.0,1.0,1.0,1
LP002345,0.09241510740301315,0.3117169839105473,0.1758298310318208,0.2789026403234175,3.20240584116084,1.0,1.0,0.0,0.0,1.0,1.0,1
LP002555,0.112897150949329,0.2341530751841579,0.2787546101723989,0.2789026403234175,-0.012826857981813,1.0,1.0,1.0,0.0,1.0,1.0,1
LP001006,0.0494361329901783,0.2650662272127914,0.1929839608885838,0.2789026403234175,0.4864290663595398,0.0,1.0,0.0,1.0,1.0,1.0,1
LP001228,0.0690138570305763,0.2533754351728718,0.2058495582811561,-2.514977409033419,0.1801723010149545,0.0,0.0,0.0,1.0,0.0,0.0,0
LP002043,0.0798339605926115,0.2346027210318472,0.1758298310318208,0.2789026403234175,-0.1547491166163078,1.0,0.0,1.0,0.0,1.0,0.0,1
LP001800,0.0471198058346693,0.2229119289919276,0.2358692855304914,-2.514977409033419,0.8894012916926611,0.0,1.0,0.0,1.0,1.0,1.0,0
LP002187,0.0468025007448736,0.2346027210318472,0.1415215713182948,2.1414893398946417,0.1380126374974558,1.0,0.0,1.0,0.0,1.0,0.0,0
LP001871,0.1959358929488777,0.2346027210318472,0.1929839608885838,0.2789026403234175,-0.801751486037896,1.0,0.0,0.0,0.0,1.0,0.0,1
LP002807,0.0840858487958746,0.0272035737851974,0.1672527661034393,0.2789026403234175,-0.2516829650002385,0.0,1.0,1.0,0.0,1.0,1.0,1
LP002720,0.1033145372374973,0.2346027210318472,0.1500986362466763,0.2789026403234175,-0.5123692161928843,1.0,1.0,0.0,1.0,1.0,1.0,1
LP001319,0.0713301841860853,0.2045888606985922,0.1093575778368642,0.2789026403234175,-0.4523118282197455,0.0,1.0,0.0,1.0,1.0,1.0,1
LP001052,0.0854185301730168,0.3288035261227374,0.2594562140835405,0.2789026403234175,0.2341867978644086,1.0,1.0,1.0,0.0,1.0,1.0,0
LP002714,0.0524822618522176,0.146359723422839,0.1372330388541041,0.2789026403234175,-0.0052126341553326,0.0,0.0,1.0,0.0,1.0,0.0,1
LP002933,0.2643786008178217,0.2346027210318472,0.5617977528089886,0.2789026403234175,-0.1730355956658804,1.0,0.0,1.0,0.0,1.0,0.0,1
LP002821,0.1515131803774722,0.2346027210318472,0.2187151556737284,0.2789026403234175,-0.5383312483217247,0.0,0.0,1.0,0.0,1.0,0.0,1
LP002556,0.0447400176612012,0.2346027210318472,0.0964919804442919,0.2789026403234175,-0.1905810185770106,1.0,0.0,0.0,1.0,1.0,0.0,0
LP001243,0.0692677011024129,0.3446535422537822,0.3044858049575434,0.2789026403234175,0.7959611071396813,1.0,1.0,0.0,1.0,1.0,1.0,1
LP002778,0.1779446943574585,0.2346027210318472,0.2435886439660347,0.2789026403234175,-0.5862977710459054,1.0,1.0,0.0,0.0,0.0,0.0,0
LP002898,0.0271295851775369,0.2346027210318472,0.0664722531949566,0.2789026403234175,-0.1194074138325188,1.0,1.0,0.0,0.0,1.0,1.0,0
LP002308,0.036236241254675,0.2697875086135282,0.182262629728107,0.2789026403234175,0.772299744173792,0.0,1.0,0.0,1.0,1.0,1.0,1
LP002983,0.2236048967790674,0.0269787508613528,0.478171369757269,0.2789026403234175,-0.1671405733919244,1.0,1.0,0.0,1.0,1.0,1.0,1
LP002054,0.081737791131386,0.1787342244564624,0.1749721245389827,0.2789026403234175,-0.1823406453328784,0.0,1.0,0.0,0.0,1.0,1.0,1
LP001322,0.0986184219085201,0.2346027210318472,0.1972724933527746,0.2789026403234175,-0.2460290533757589,1.0,0.0,1.0,0.0,1.0,0.0,1
LP002141,0.0520697652354831,0.2341530751841579,0.1393773050861994,0.2789026403234175,0.0184049576377059,1.0,1.0,0.0,0.0,1.0,1.0,1
LP002600,0.0593360517918058,0.2346027210318472,0.1393773050861994,0.2789026403234175,-0.1034779748761026,1.0,1.0,1.0,0.0,1.0,1.0,1
LP001865,0.160492914418692,0.4777487131697894,0.643279869628613,0.2789026403234175,0.8233578756820363,1.0,1.0,0.0,1.0,1.0,1.0,1
LP002151,0.0904319505917897,0.2346027210318472,0.0793378505875289,0.2789026403234175,-0.774784179900428,1.0,1.0,0.0,1.0,1.0,1.0,0
LP001008,0.1578592821733873,0.2346027210318472,0.2380135517625868,0.2789026403234175,-0.5062735024109832,1.0,0.0,0.0,1.0,1.0,0.0,1
LP002648,0.0350622124224307,0.7493348051740745,0.085770649283815,-2.514977409033419,-0.1013742661733482,1.0,1.0,1.0,0.0,1.0,1.0,0
LP001430,0.0996655287048461,0.2346027210318472,0.0300197272493352,0.2789026403234175,-1.0657348373339095,1.0,0.0,1.0,0.0,1.0,0.0,1
LP002484,0.2130703677978484,0.2346027210318472,0.2101380907453469,-2.514977409033419,-0.8073381372692614,1.0,1.0,0.0,1.0,1.0,1.0,1
LP002501,0.4971218841830068,0.2346027210318472,0.1715412985676301,0.2789026403234175,-1.2374741355271803,1.0,1.0,1.0,0.0,1.0,1.0,1
LP002401,0.0376958446677355,0.1264628946625913,0.1226520284758555,0.2789026403234175,0.1814057253070941,1.0,1.0,0.0,1.0,1.0,1.0,1
LP002288,0.0591456687379284,0.2346027210318472,0.0321639934814306,-2.514977409033419,-0.8488986454951193,0.0,1.0,0.0,1.0,0.0,0.0,0
LP001034,0.0815791385864882,0.2346027210318472,0.1500986362466763,-1.5836840592478068,-0.3199634067091715,0.0,0.0,0.0,1.0,1.0,0.0,1
LP002453,0.1922868844162265,0.2346027210318472,0.1157903765331503,0.2789026403234175,-1.0097665217598908,1.0,0.0,1.0,0.0,1.0,0.0,1
LP001519,0.2847813180916886,0.1872774955625574,0.4181319152585984,0.2789026403234175,-0.549514182941751,1.0,0.0,0.0,0.0,1.0,0.0,0
LP001164,0.1016962812795389,0.2346027210318472,0.1758298310318208,0.2789026403234175,-0.377522587213579,1.0,0.0,1.0,0.0,1.0,0.0,0
LP002536,0.0656821535877209,0.2346027210318472,0.1779740972639162,0.2789026403234175,0.056309406562422,0.0,1.0,0.0,0.0,1.0,1.0,1
LP001904,0.0659359976595575,0.1461349004989944,0.1072133116047688,0.2789026403234175,-0.407619813136871,1.0,1.0,0.0,1.0,1.0,1.0,1
LP002494,0.1578592821733873,0.2346027210318472,0.2358692855304914,0.2789026403234175,-0.5134802824994444,1.0,0.0,0.0,0.0,1.0,0.0,1
LP002537,0.0335708785003907,0.3540961050552557,0.2101380907453469,0.2789026403234175,1.1347030581348274,1.0,1.0,1.0,0.0,1.0,1.0,1
LP001814,0.2753573569247548,0.2346027210318472,0.1758298310318208,0.2789026403234175,-1.0233100246741944,1.0,1.0,0.0,1.0,1.0,1.0,1
LP002181,0.1647130721129756,0.2346027210318472,0.2208594219058238,0.2789026403234175,-0.5972347537977784,0.0,0.0,0.0,0.0,1.0,0.0,0
LP002219,0.2451181818672195,0.5616076637638278,0.2144266232095376,0.2789026403234175,-0.8799965269983329,1.0,1.0,0.0,0.0,1.0,1.0,1
LP002813,0.5857134652539812,0.2346027210318472,1.0,0.2789026403234175,-0.4208618399747723,1.0,1.0,1.0,0.0,1.0,1.0,1
LP001562,0.2191943560309064,0.2346027210318472,0.5253452268633672,0.2789026403234175,-0.0234773776571087,1.0,1.0,0.0,1.0,1.0,1.0,0
LP001953,0.1856234775305157,0.2346027210318472,0.364525259456214,0.2789026403234175,-0.2645187885344182,1.0,1.0,1.0,0.0,1.0,1.0,1
LP002489,0.1321893004089108,0.2346027210318472,0.2187151556737284,0.2789026403234175,-0.4228783814065945,0.0,0.0,1.0,0.0,1.0,0.0,1
LP002422,1.0,0.2346027210318472,0.2616004803156359,0.2789026403234175,-1.320447299801766,1.0,0.0,1.0,0.0,1.0,0.0,1
LP001665,0.0666340688571082,0.2903588061453097,0.3001972724933527,0.2789026403234175,0.8298635259897394,1.0,1.0,1.0,0.0,1.0,1.0,0
LP001002,0.1530679753174714,0.2346027210318472,0.2525945621408353,0.2789026403234175,-0.4297687695553411,1.0,0.0,0.0,1.0,1.0,0.0,1
LP001993,0.0868464030770977,0.1872774955625574,0.2251479543700145,0.2789026403234175,0.0292695672248649,1.0,0.0,0.0,0.0,1.0,0.0,1
LP002067,0.2424528191129351,0.5601463147588379,0.7419161163050003,0.2789026403234175,0.3536951161901348,1.0,1.0,0.0,0.0,0.0,0.0,0
LP001702,0.0759311079881238,0.2346027210318472,0.2079938245132515,0.2789026403234175,0.0842312504078129,1.0,0.0,1.0,0.0,1.0,0.0,0
LP001405,0.037727575176715,0.1571512237673801,0.1179346427652457,0.2789026403234175,0.1376688994769764,1.0,1.0,0.0,1.0,1.0,1.0,1
LP001018,0.094588647268114,0.171539890893435,0.2959087400291619,0.2789026403234175,0.2909590046589055,1.0,1.0,0.0,1.0,1.0,1.0,1
LP002398,0.0285891885905973,0.2080736160181836,0.0428853246419075,0.2789026403234175,-0.3998780792358491,1.0,0.0,1.0,0.0,1.0,0.0,1
LP001699,0.0461361600563025,0.2346027210318472,0.0621837207307659,0.2789026403234175,-0.4933047868100854,1.0,0.0,0.0,1.0,1.0,0.0,1
LP002767,0.0553062771513998,0.2192023507484916,0.268033279011922,0.2789026403234175,0.8989236417738503,1.0,1.0,0.0,0.0,1.0,1.0,1
LP001401,0.4302022407450824,0.2346027210318472,0.3323612659747834,-2.514977409033419,-0.9738780378318388,1.0,1.0,0.0,0.0,1.0,1.0,1
LP001431,0.0352843259852877,1.0,0.2294364868342053,0.2789026403234175,1.2496684146691703,1.0,0.0,1.0,0.0,0.0,0.0,1
LP001713,0.2145617017198884,0.2346027210318472,0.450295908740029,0.2789026403234175,-0.1897258442632139,1.0,1.0,0.0,1.0,1.0,1.0,1
LP001091,0.0996655287048461,0.3787142152162401,0.3666695256883094,0.2789026403234175,0.5638347361971833,1.0,1.0,0.0,1.0,1.0,1.0,0
LP001248,0.0785330097244489,0.2346027210318472,0.1093575778368642,-0.6523907094621946,-0.5217166026005432,1.0,0.0,1.0,0.0,1.0,0.0,1
LP001504,0.1880032657039838,0.2346027210318472,0.3109186036538295,-2.514977409033419,-0.4336353807999453,1.0,0.0,1.0,0.0,1.0,0.0,1
LP002541,0.3112128320716749,0.2346027210318472,0.4374303113474568,0.2789026403234175,-0.5884020561136336,1.0,1.0,1.0,0.0,1.0,1.0,1
LP001765,0.0465169261640574,0.2308931427884112,0.1586757011750578,0.2789026403234175,0.2828819363483493,1.0,1.0,1.0,0.0,1.0,1.0,1
LP001369,0.3297434493157469,0.1265753061245136,0.4181319152585984,0.2789026403234175,-0.6702657811744042,1.0,1.0,0.0,1.0,1.0,1.0,1
LP002588,0.1142298323264712,0.3211595467120208,0.1736855647997255,-5.122598788433133,-0.4846531621455993,1.0,1.0,0.0,1.0,1.0,1.0,1
LP002379,0.1737245366631749,0.2346027210318472,0.1608199674071532,0.2789026403234175,-0.8239261940023923,1.0,0.0,0.0,0.0,0.0,0.0,0
LP002332,0.0389650650269185,0.2285325020880428,0.1715412985676301,0.2789026403234175,0.5887444324947813,0.0,1.0,0.0,0.0,1.0,1.0,1
LP002832,0.2466729768072186,0.2346027210318472,0.4888927009177459,0.2789026403234175,-0.2545472836170543,1.0,1.0,0.0,1.0,0.0,0.0,0
LP002315,0.2308394528264106,0.2346027210318472,0.2616004803156359,-0.6523907094621946,-0.730551971910929,1.0,1.0,1.0,0.0,0.0,0.0,0
LP001114,0.0996655287048461,0.8104866404598076,0.330216999742688,0.2789026403234175,0.3873845275982751,1.0,0.0,0.0,1.0,1.0,0.0,1
LP001482,0.0772320588562863,0.2346027210318472,0.2122823569774423,-3.4462707588190318,-1.1474019100551631,1.0,1.0,1.0,0.0,1.0,1.0,1
LP002110,0.1340614004387058,0.0773390858025447,0.2787546101723989,0.2789026403234175,-0.2046182787082464,1.0,1.0,0.0,0.0,1.0,1.0,1
LP001136,0.1164509679550415,0.2346027210318472,0.1415215713182948,0.2789026403234175,-0.6382750047980393,0.0,1.0,0.0,1.0,1.0,1.0,1
LP001046,0.1564314092693064,0.6323144733129566,0.6111158761471822,0.2789026403234175,0.764860911025603,1.0,1.0,0.0,1.0,1.0,1.0,1
LP002757,0.063207173887314,0.0745287992544871,0.1543871687108671,0.2789026403234175,-0.0605304514175654,0.0,1.0,1.0,0.0,1.0,1.0,1
LP001493,0.1007443660101516,0.1607483905488938,0.2122823569774423,0.2789026403234175,-0.1943228785818731,0.0,1.0,0.0,0.0,1.0,1.0,0
LP002266,0.0658408061326188,0.1573760466912247,0.1779740972639162,0.2789026403234175,0.053763053495573,1.0,1.0,0.0,1.0,1.0,1.0,1
LP002459,0.1039491474170888,0.2346027210318472,0.1886954284243931,0.2789026403234175,-0.3361006637678676,1.0,1.0,0.0,1.0,1.0,1.0,1
LP002112,0.0468025007448736,0.5170927248425956,0.3130628698859249,0.2789026403234175,1.5217144144820234,1.0,1.0,0.0,0.0,1.0,1.0,1
LP001238,0.1927628420509201,0.2346027210318472,0.2037052920490608,-4.377564108604643,-0.7611499080747338,0.0,1.0,0.0,1.0,1.0,1.0,1
LP002618,0.0959847896632153,0.5960055711120527,0.2315807530663006,0.2789026403234175,-0.0490433434652725,0.0,1.0,0.0,0.0,1.0,1.0,0
LP002524,0.143009403970946,0.5224884750148662,0.2830431426365897,0.2789026403234175,-0.2561622776055772,1.0,0.0,0.0,0.0,1.0,0.0,1
LP001449,0.0901146455019939,0.1843547975525775,0.2011321725705463,0.2789026403234175,-0.137385187067972,1.0,0.0,0.0,0.0,1.0,0.0,1
LP001914,0.0920819370587276,0.0899291695378427,0.1758298310318208,0.2789026403234175,-0.2891837043451948,1.0,1.0,1.0,0.0,1.0,1.0,1
LP001978,0.0943982642142366,0.2810286548057585,0.2358692855304914,0.2789026403234175,-0.0090056763071541,1.0,0.0,0.0,0.0,1.0,0.0,1
LP001693,0.0704099994256776,0.2346027210318472,0.1072133116047688,0.2789026403234175,-0.4560748578737232,1.0,0.0,0.0,1.0,1.0,0.0,1
LP001637,1.0,0.2346027210318472,0.4931812333819366,0.2789026403234175,-1.176933634874898,1.0,1.0,1.0,0.0,1.0,1.0,0
LP002729,0.3244444543161578,0.2346027210318472,0.3559481945278325,0.2789026403234175,-0.7690807496368716,1.0,0.0,1.0,0.0,1.0,0.0,0
LP002161,0.1173394222064695,0.2346027210318472,0.1093575778368642,0.2789026403234175,-0.7808467883432274,1.0,0.0,1.0,0.0,1.0,0.0,0
LP002284,0.0912886743342382,0.1872774955625574,0.1693970323355347,0.2789026403234175,-0.3145273478174737,0.0,0.0,0.0,0.0,1.0,0.0,1
LP002502,0.09241510740301315,0.327904234427359,0.1458101037824856,0.2789026403234175,2.611801424155231,0.0,1.0,1.0,0.0,1.0,1.0,1
LP002435,0.0797704995746524,0.1546781716050894,0.0536066558023844,0.2789026403234175,-0.8504211792038257,1.0,1.0,0.0,0.0,1.0,1.0,0
LP001030,0.0086941594604036,0.1220788476476215,0.2122823569774423,-3.4462707588190318,-0.5237994595314214,1.0,1.0,0.0,1.0,1.0,1.0,1
LP001954,0.1155307831946338,0.2346027210318472,0.2251479543700145,0.2789026403234175,-0.2713596552668702,1.0,1.0,0.0,1.0,1.0,1.0,1
LP002272,0.0714253757130241,0.0544071475703948,0.2251479543700145,0.2789026403234175,0.2594666808344255,1.0,1.0,1.0,0.0,1.0,1.0,1
LP002002,0.0600341229893565,0.2346027210318472,0.1157903765331503,0.2789026403234175,-0.2772402029455643,1.0,0.0,1.0,0.0,1.0,0.0,1
LP001882,0.1049645237044352,0.2035771575412914,0.2787546101723989,0.2789026403234175,0.0742723017748341,1.0,1.0,0.0,1.0,0.0,0.0,1
